index	applicable	baseline_decision	refined_decision	first_baseline_failing_seed	first_refined_failing_seed	seeds	covers	baseline_passing_covers	refined_passing_covers	newly_failed_covers	support_families_checked	propagated_coordinate_deletions	refinement_cache_hits	assignment_fail_empty_propagated_mask	assignment_fail_disjoint_required_edge	assignment_fail_clique	assignment_fail_degree	assignment_fail_basis	assignment_fail_mask	assignment_fail_subspace_K	assignment_fail_component_B
220235	1	REJECTED	REJECTED	336969	336969	3	181	1	1	0	1	0	0	0	0	0	0	0	0	0	0
3396125	1	REJECTED	REJECTED	140327	140327	2	186	0	0	0	0	0	0	0	0	0	0	0	0	0	0
1460971	1	REJECTED	REJECTED	100938	100938	1	176	0	0	0	0	0	0	0	0	0	0	0	0	0	0
1928424	1	REJECTED	REJECTED	145496	145496	1	8	0	0	0	0	0	0	0	0	0	0	0	0	0	0
3811247	1	REJECTED	REJECTED	201241	201241	2	10	0	0	0	0	0	0	0	0	0	0	0	0	0	0
3944809	1	REJECTED	REJECTED	173601	173601	5	268	6	3	3	6	16	0	0	3	0	0	0	0	0	0
92681	1	REJECTED	REJECTED	209188	209188	1	130	0	0	0	0	0	0	0	0	0	0	0	0	0	0
3070949	1	REJECTED	REJECTED	305240	305240	1	7	0	0	0	0	0	0	0	0	0	0	0	0	0	0
284564	1	REJECTED	REJECTED	140069	140069	1	130	0	0	0	0	0	0	0	0	0	0	0	0	0	0
1960157	1	REJECTED	REJECTED	362584	362584	1	29	0	0	0	0	0	0	0	0	0	0	0	0	0	0
861736	1	REJECTED	REJECTED	39205	39205	1	9	0	0	0	0	0	0	0	0	0	0	0	0	0	0
2486784	1	REJECTED	REJECTED	103512	103512	2	10	0	0	0	0	0	0	0	0	0	0	0	0	0	0
2645419	1	REJECTED	REJECTED	304165	304165	2	58	0	0	0	0	0	0	0	0	0	0	0	0	0	0
1834844	1	REJECTED	REJECTED	214041	214041	1	29	0	0	0	0	0	0	0	0	0	0	0	0	0	0
2378847	1	REJECTED	REJECTED	206859	206859	2	66	0	0	0	0	0	0	0	0	0	0	0	0	0	0
2534050	1	REJECTED	REJECTED	402469	402469	4	9	0	0	0	0	0	0	0	0	0	0	0	0	0	0
1654487	1	REJECTED	REJECTED	275108	275108	1	130	0	0	0	0	0	0	0	0	0	0	0	0	0	0
1605781	1	REJECTED	REJECTED	267172	267172	2	167	2	2	0	41	163	0	0	39	0	0	0	0	0	0
1605929	1	SURVIVOR	SURVIVOR	0	0	1	130	2	2	0	41	180	0	0	39	0	0	0	0	0	0
350677	1	REJECTED	REJECTED	107045	107045	5	433	2	2	0	2	0	0	0	0	0	0	0	0	0	0
3313623	1	REJECTED	REJECTED	115737	115737	1	8	0	0	0	0	0	0	0	0	0	0	0	0	0	0
2666858	1	SURVIVOR	SURVIVOR	0	0	1	93	5	1	4	88	518	0	26	61	0	0	0	0	0	0
825432	1	SURVIVOR	SURVIVOR	0	0	1	130	2	2	0	39	155	0	0	37	0	0	0	0	0	0
3776807	1	REJECTED	REJECTED	102937	102937	2	55	0	0	0	0	0	0	0	0	0	0	0	0	0	0
1129900	1	REJECTED	REJECTED	141605	141605	2	10	0	0	0	0	0	0	0	0	0	0	0	0	0	0
3948740	1	REJECTED	REJECTED	151764	151764	1	130	0	0	0	0	0	0	0	0	0	0	0	0	0	0
2511551	1	REJECTED	REJECTED	336933	336933	2	14	0	0	0	0	0	0	0	0	0	0	0	0	0	0
134287	1	REJECTED	REJECTED	282699	282699	3	174	0	0	0	0	0	0	0	0	0	0	0	0	0	0
790230	1	REJECTED	REJECTED	281762	281762	3	38	0	0	0	0	0	0	0	0	0	0	0	0	0	0
3946949	1	SURVIVOR	SURVIVOR	0	0	1	42	5	2	3	103	515	0	5	96	0	0	0	0	0	0
62004	1	REJECTED	REJECTED	182538	182538	1	93	0	0	0	0	0	0	0	0	0	0	0	0	0	0
768969	1	REJECTED	REJECTED	201816	201816	1	93	0	0	0	0	0	0	0	0	0	0	0	0	0	0
1266081	1	REJECTED	REJECTED	283796	283796	2	130	2	2	0	88	350	0	0	86	0	0	0	0	0	0
3841299	1	REJECTED	REJECTED	149543	149543	1	93	0	0	0	0	0	0	0	0	0	0	0	0	0	0
2890993	1	SURVIVOR	SURVIVOR	0	0	1	130	7	2	5	493	4791	0	320	171	0	0	0	0	0	0
3058835	1	SURVIVOR	SURVIVOR	0	0	1	130	4	4	0	5012	44866	0	3923	1085	0	0	0	0	0	0
3743440	1	REJECTED	REJECTED	198695	198695	3	95	0	0	0	0	0	0	0	0	0	0	0	0	0	0
616787	1	REJECTED	REJECTED	459850	459850	2	136	2	2	0	66	262	0	0	64	0	0	0	0	0	0
3800634	1	REJECTED	REJECTED	149543	149543	1	130	0	0	0	0	0	0	0	0	0	0	0	0	0	0
629583	1	REJECTED	REJECTED	338186	338186	4	73	0	0	0	0	0	0	0	0	0	0	0	0	0	0
2529696	1	REJECTED	REJECTED	272714	272714	1	37	0	0	0	0	0	0	0	0	0	0	0	0	0	0
3959829	1	SURVIVOR	SURVIVOR	0	0	2	186	8	4	4	790	5836	0	508	278	0	0	0	0	0	0
1259008	1	REJECTED	REJECTED	287013	287013	3	139	0	0	0	0	0	0	0	0	0	0	0	0	0	0
1889562	1	REJECTED	REJECTED	140196	140196	2	205	2	2	0	41	172	0	0	39	0	0	0	0	0	0
2294865	1	REJECTED	REJECTED	152724	152724	1	7	0	0	0	0	0	0	0	0	0	0	0	0	0	0
1655694	1	REJECTED	REJECTED	78500	78500	1	46	0	0	0	0	0	0	0	0	0	0	0	0	0	0
3769565	1	REJECTED	REJECTED	332313	332313	4	140	0	0	0	0	0	0	0	0	0	0	0	0	0	0
3610050	1	SURVIVOR	SURVIVOR	0	0	1	93	2	2	0	43	168	0	0	41	0	0	0	0	0	0
3396330	1	REJECTED	REJECTED	368677	368677	3	236	9	4	5	193	860	0	1	188	0	0	0	0	0	0
3477957	1	REJECTED	REJECTED	202257	202257	3	23	0	0	0	0	0	0	0	0	0	0	0	0	0	0
2580142	1	REJECTED	REJECTED	206240	206240	1	8	0	0	0	0	0	0	0	0	0	0	0	0	0	0
27910	1	REJECTED	REJECTED	143627	143627	2	9	0	0	0	0	0	0	0	0	0	0	0	0	0	0
1268966	1	REJECTED	REJECTED	106787	106787	1	130	0	0	0	0	0	0	0	0	0	0	0	0	0	0
3685843	1	REJECTED	REJECTED	74964	74964	1	29	0	0	0	0	0	0	0	0	0	0	0	0	0	0
1164960	1	REJECTED	REJECTED	297227	297227	1	37	0	0	0	0	0	0	0	0	0	0	0	0	0	0
885664	1	REJECTED	REJECTED	295499	295499	2	25	0	0	0	0	0	0	0	0	0	0	0	0	0	0
502658	1	REJECTED	REJECTED	233737	233737	1	93	0	0	0	0	0	0	0	0	0	0	0	0	0	0
3669029	1	REJECTED	REJECTED	395594	395594	1	29	0	0	0	0	0	0	0	0	0	0	0	0	0	0
1453887	1	REJECTED	REJECTED	151819	151819	1	37	0	0	0	0	0	0	0	0	0	0	0	0	0	0
915245	1	SURVIVOR	SURVIVOR	0	0	1	93	2	2	0	35	141	0	0	33	0	0	0	0	0	0
597265	1	REJECTED	REJECTED	144472	144472	1	130	0	0	0	0	0	0	0	0	0	0	0	0	0	0
3690509	1	REJECTED	REJECTED	39242	39242	3	333	1	1	0	1	0	0	0	0	0	0	0	0	0	0
584820	1	REJECTED	REJECTED	271141	271141	4	213	0	0	0	0	0	0	0	0	0	0	0	0	0	0
2906477	1	REJECTED	REJECTED	288779	288779	3	31	0	0	0	0	0	0	0	0	0	0	0	0	0	0
781558	1	REJECTED	REJECTED	303179	303179	4	278	2	2	0	13	52	0	0	11	0	0	0	0	0	0
12626	1	REJECTED	REJECTED	197413	197413	1	1	0	0	0	0	0	0	0	0	0	0	0	0	0	0
425868	1	REJECTED	REJECTED	283736	283736	1	37	0	0	0	0	0	0	0	0	0	0	0	0	0	0
1228902	1	REJECTED	REJECTED	299083	299083	1	130	0	0	0	0	0	0	0	0	0	0	0	0	0	0
2391954	1	REJECTED	REJECTED	205861	205861	2	122	4	2	2	110	875	0	59	49	0	0	0	0	0	0
2397879	1	REJECTED	REJECTED	337931	337931	1	29	0	0	0	0	0	0	0	0	0	0	0	0	0	0
852494	1	REJECTED	REJECTED	170245	170245	2	205	0	0	0	0	0	0	0	0	0	0	0	0	0	0
2802152	1	REJECTED	REJECTED	336674	336674	1	7	0	0	0	0	0	0	0	0	0	0	0	0	0	0
3864334	1	REJECTED	REJECTED	149543	149543	1	93	0	0	0	0	0	0	0	0	0	0	0	0	0	0
2224154	1	REJECTED	REJECTED	272714	272714	2	152	0	0	0	0	0	0	0	0	0	0	0	0	0	0
2739053	1	REJECTED	REJECTED	275392	275392	1	37	0	0	0	0	0	0	0	0	0	0	0	0	0	0
721541	1	REJECTED	REJECTED	275205	275205	2	159	0	0	0	0	0	0	0	0	0	0	0	0	0	0
265354	1	SURVIVOR	REJECTED	0	148555	1	130	1	0	1	1	4	0	0	1	0	0	0	0	0	0
1664571	1	REJECTED	REJECTED	90403	90403	1	37	0	0	0	0	0	0	0	0	0	0	0	0	0	0
2687189	1	REJECTED	REJECTED	275392	275392	1	8	0	0	0	0	0	0	0	0	0	0	0	0	0	0
2403830	1	REJECTED	REJECTED	166421	166421	1	93	0	0	0	0	0	0	0	0	0	0	0	0	0	0
3955206	1	REJECTED	REJECTED	200916	200916	3	316	12	3	9	36	216	0	16	17	0	0	0	0	0	0
1998798	1	REJECTED	REJECTED	204965	204965	2	18	0	0	0	0	0	0	0	0	0	0	0	0	0	0
1753437	1	REJECTED	REJECTED	338068	338068	1	7	0	0	0	0	0	0	0	0	0	0	0	0	0	0
417576	1	REJECTED	REJECTED	346274	346274	1	93	0	0	0	0	0	0	0	0	0	0	0	0	0	0
1652203	1	REJECTED	REJECTED	275108	275108	1	46	0	0	0	0	0	0	0	0	0	0	0	0	0	0
172978	1	REJECTED	REJECTED	295589	295589	3	8	0	0	0	0	0	0	0	0	0	0	0	0	0	0
2996113	1	REJECTED	REJECTED	305240	305240	1	130	0	0	0	0	0	0	0	0	0	0	0	0	0	0
3331579	1	SURVIVOR	REJECTED	0	398881	4	204	15	4	11	304	1925	0	171	129	0	0	0	0	0	0
605187	1	REJECTED	REJECTED	335947	335947	2	17	0	0	0	0	0	0	0	0	0	0	0	0	0	0
3562725	1	SURVIVOR	SURVIVOR	0	0	1	93	4	2	2	1228	9826	0	890	336	0	0	0	0	0	0
3453923	1	REJECTED	REJECTED	151184	151184	1	130	0	0	0	0	0	0	0	0	0	0	0	0	0	0
773478	1	REJECTED	REJECTED	135973	135973	1	130	0	0	0	0	0	0	0	0	0	0	0	0	0	0
3576900	1	SURVIVOR	SURVIVOR	0	0	1	93	4	2	2	444	3748	0	247	195	0	0	0	0	0	0
2618749	1	REJECTED	REJECTED	156450	156450	1	29	0	0	0	0	0	0	0	0	0	0	0	0	0	0
3371254	1	REJECTED	REJECTED	336202	336202	1	22	0	0	0	0	0	0	0	0	0	0	0	0	0	0
185358	1	REJECTED	REJECTED	74827	74827	3	39	0	0	0	0	0	0	0	0	0	0	0	0	0	0
19301	1	REJECTED	REJECTED	143435	143435	1	37	0	0	0	0	0	0	0	0	0	0	0	0	0	0
3908166	1	REJECTED	REJECTED	414225	414225	3	74	5	1	4	233	1396	0	116	116	0	0	0	0	0	0
3595539	1	REJECTED	REJECTED	280906	280906	2	167	0	0	0	0	0	0	0	0	0	0	0	0	0	0
3436402	1	REJECTED	REJECTED	151184	151184	1	130	0	0	0	0	0	0	0	0	0	0	0	0	0	0
2856845	1	REJECTED	REJECTED	332948	332948	1	29	0	0	0	0	0	0	0	0	0	0	0	0	0	0
3377391	1	REJECTED	REJECTED	282256	282256	2	159	2	2	0	41	182	0	0	39	0	0	0	0	0	0
3464877	1	REJECTED	REJECTED	268618	268618	2	176	2	2	0	92	342	0	0	90	0	0	0	0	0	0
1651104	1	REJECTED	REJECTED	144036	144036	1	93	0	0	0	0	0	0	0	0	0	0	0	0	0	0
3355145	1	REJECTED	REJECTED	331408	331408	1	7	0	0	0	0	0	0	0	0	0	0	0	0	0	0
345733	1	REJECTED	REJECTED	295717	295717	2	26	0	0	0	0	0	0	0	0	0	0	0	0	0	0
3569865	1	REJECTED	REJECTED	330058	330058	2	2	0	0	0	0	0	0	0	0	0	0	0	0	0	0
1651067	1	REJECTED	REJECTED	144036	144036	1	130	0	0	0	0	0	0	0	0	0	0	0	0	0	0
2592595	1	SURVIVOR	SURVIVOR	0	0	3	126	3	3	0	3	0	0	0	0	0	0	0	0	0	0
3343823	1	REJECTED	REJECTED	154376	154376	1	176	0	0	0	0	0	0	0	0	0	0	0	0	0	0
1693834	1	REJECTED	REJECTED	86850	86850	1	37	0	0	0	0	0	0	0	0	0	0	0	0	0	0
1695510	1	REJECTED	REJECTED	180515	180515	3	196	0	0	0	0	0	0	0	0	0	0	0	0	0	0
1357170	1	SURVIVOR	SURVIVOR	0	0	1	130	2	2	0	35	155	0	0	33	0	0	0	0	0	0
825677	1	REJECTED	REJECTED	103512	103512	1	176	0	0	0	0	0	0	0	0	0	0	0	0	0	0
928329	1	REJECTED	REJECTED	295499	295499	1	8	0	0	0	0	0	0	0	0	0	0	0	0	0	0
2453663	1	SURVIVOR	SURVIVOR	0	0	1	130	3	2	1	89	368	0	0	87	0	0	0	0	0	0
3740137	1	REJECTED	REJECTED	395303	395303	2	70	2	1	1	2	6	0	0	1	0	0	0	0	0	0
2467565	1	REJECTED	REJECTED	173067	173067	1	130	0	0	0	0	0	0	0	0	0	0	0	0	0	0
3622804	1	REJECTED	REJECTED	169505	169505	2	159	0	0	0	0	0	0	0	0	0	0	0	0	0	0
3819584	1	REJECTED	REJECTED	287648	287648	2	223	2	2	0	43	184	0	0	41	0	0	0	0	0	0
2210998	1	REJECTED	REJECTED	107424	107424	2	9	0	0	0	0	0	0	0	0	0	0	0	0	0	0
2644635	1	REJECTED	REJECTED	206859	206859	3	20	0	0	0	0	0	0	0	0	0	0	0	0	0	0
3782067	1	REJECTED	REJECTED	280615	280615	3	137	0	0	0	0	0	0	0	0	0	0	0	0	0	0
498841	1	REJECTED	REJECTED	208002	208002	4	9	0	0	0	0	0	0	0	0	0	0	0	0	0	0
480873	1	REJECTED	REJECTED	87128	87128	2	0	0	0	0	0	0	0	0	0	0	0	0	0	0	0
211556	1	REJECTED	REJECTED	271435	271435	3	139	0	0	0	0	0	0	0	0	0	0	0	0	0	0
2242815	1	REJECTED	REJECTED	332964	332964	1	29	0	0	0	0	0	0	0	0	0	0	0	0	0	0
824661	1	REJECTED	REJECTED	300120	300120	1	176	0	0	0	0	0	0	0	0	0	0	0	0	0	0
3336291	1	REJECTED	REJECTED	282256	282256	2	183	2	2	0	17	83	0	0	15	0	0	0	0	0	0
3813925	1	REJECTED	REJECTED	405826	405826	1	8	0	0	0	0	0	0	0	0	0	0	0	0	0	0
2182281	1	REJECTED	REJECTED	74059	74059	1	176	0	0	0	0	0	0	0	0	0	0	0	0	0	0
1889246	1	REJECTED	REJECTED	29002	29002	1	130	0	0	0	0	0	0	0	0	0	0	0	0	0	0
3164461	1	SURVIVOR	SURVIVOR	0	0	1	130	3	2	1	85	373	0	0	83	0	0	0	0	0	0
812455	1	REJECTED	REJECTED	37669	37669	3	289	1	1	0	1	0	0	0	0	0	0	0	0	0	0
1344162	1	REJECTED	REJECTED	282891	282891	1	130	0	0	0	0	0	0	0	0	0	0	0	0	0	0
2561711	1	REJECTED	REJECTED	332578	332578	1	1	0	0	0	0	0	0	0	0	0	0	0	0	0	0
3578429	1	REJECTED	REJECTED	280906	280906	1	130	0	0	0	0	0	0	0	0	0	0	0	0	0	0
1760432	1	REJECTED	REJECTED	168266	168266	1	7	0	0	0	0	0	0	0	0	0	0	0	0	0	0
3939503	1	SURVIVOR	SURVIVOR	0	0	2	128	10	4	6	100	483	0	0	96	0	0	0	0	0	0
2565924	1	REJECTED	REJECTED	156709	156709	1	37	0	0	0	0	0	0	0	0	0	0	0	0	0	0
2640697	1	REJECTED	REJECTED	345113	345113	2	7	0	0	0	0	0	0	0	0	0	0	0	0	0	0
862073	1	REJECTED	REJECTED	39205	39205	2	408	0	0	0	0	0	0	0	0	0	0	0	0	0	0
2446114	1	REJECTED	REJECTED	330562	330562	1	29	0	0	0	0	0	0	0	0	0	0	0	0	0	0
2380633	1	REJECTED	REJECTED	206859	206859	3	399	0	0	0	0	0	0	0	0	0	0	0	0	0	0
3494976	1	REJECTED	REJECTED	84298	84298	3	399	1	1	0	1	0	0	0	0	0	0	0	0	0	0
3732572	1	SURVIVOR	SURVIVOR	0	0	1	64	2	2	0	43	204	0	0	41	0	0	0	0	0	0
3726256	1	SURVIVOR	SURVIVOR	0	0	1	130	1	1	0	1	0	0	0	0	0	0	0	0	0	0
2387608	1	REJECTED	REJECTED	297493	297493	2	130	3	3	0	179	712	0	0	176	0	0	0	0	0	0
212340	1	REJECTED	REJECTED	175114	175114	4	446	4	4	0	41	175	0	0	37	0	0	0	0	0	0
665628	1	REJECTED	REJECTED	394021	394021	2	45	0	0	0	0	0	0	0	0	0	0	0	0	0	0
3333486	1	SURVIVOR	SURVIVOR	0	0	3	228	8	6	2	481	3198	0	320	155	0	0	0	0	0	0
2256574	1	SURVIVOR	SURVIVOR	0	0	2	186	6	4	2	98	468	0	0	94	0	0	0	0	0	0
1258319	1	REJECTED	REJECTED	155941	155941	2	54	0	0	0	0	0	0	0	0	0	0	0	0	0	0
2548658	1	SURVIVOR	SURVIVOR	0	0	2	128	2	2	0	2	0	0	0	0	0	0	0	0	0	0
3732277	1	REJECTED	REJECTED	215204	395594	2	44	1	0	1	1	3	0	0	1	0	0	0	0	0	0
3330881	1	SURVIVOR	SURVIVOR	0	0	1	93	3	1	2	11	48	0	0	10	0	0	0	0	0	0
762981	1	REJECTED	REJECTED	345162	345162	1	64	0	0	0	0	0	0	0	0	0	0	0	0	0	0
31231	1	REJECTED	REJECTED	82725	82725	1	93	0	0	0	0	0	0	0	0	0	0	0	0	0	0
2152783	1	REJECTED	REJECTED	162368	162368	1	7	0	0	0	0	0	0	0	0	0	0	0	0	0	0
1206844	1	REJECTED	REJECTED	210064	210064	2	10	0	0	0	0	0	0	0	0	0	0	0	0	0	0
71981	1	REJECTED	REJECTED	315466	315466	1	93	0	0	0	0	0	0	0	0	0	0	0	0	0	0
1178268	1	REJECTED	REJECTED	164441	164441	1	37	0	0	0	0	0	0	0	0	0	0	0	0	0	0
3713158	1	REJECTED	REJECTED	39242	39242	1	37	0	0	0	0	0	0	0	0	0	0	0	0	0	0
3950247	1	SURVIVOR	SURVIVOR	0	0	1	64	5	2	3	113	624	0	38	73	0	0	0	0	0	0
378605	1	SURVIVOR	SURVIVOR	0	0	1	176	2	2	0	21	88	0	0	19	0	0	0	0	0	0
3491403	1	REJECTED	REJECTED	153121	153121	2	93	0	0	0	0	0	0	0	0	0	0	0	0	0	0
3137790	1	REJECTED	REJECTED	360715	360715	1	22	0	0	0	0	0	0	0	0	0	0	0	0	0	0
3129009	1	SURVIVOR	SURVIVOR	0	0	1	176	2	2	0	28	129	0	0	26	0	0	0	0	0	0
3335271	1	REJECTED	REJECTED	289216	289216	1	130	0	0	0	0	0	0	0	0	0	0	0	0	0	0
3852680	1	REJECTED	REJECTED	84007	84007	1	93	0	0	0	0	0	0	0	0	0	0	0	0	0	0
1100913	1	REJECTED	REJECTED	338212	338212	1	29	0	0	0	0	0	0	0	0	0	0	0	0	0	0
2633245	1	REJECTED	REJECTED	205861	205861	1	130	0	0	0	0	0	0	0	0	0	0	0	0	0	0
3596413	1	REJECTED	REJECTED	272714	272714	1	9	0	0	0	0	0	0	0	0	0	0	0	0	0	0
452927	1	REJECTED	REJECTED	287396	287396	1	29	0	0	0	0	0	0	0	0	0	0	0	0	0	0
3649542	1	REJECTED	REJECTED	360487	360487	3	174	7	2	5	117	927	0	64	51	0	0	0	0	0	0
1628356	1	REJECTED	REJECTED	211972	211972	1	37	0	0	0	0	0	0	0	0	0	0	0	0	0	0
3393943	1	REJECTED	REJECTED	401447	401447	3	193	0	0	0	0	0	0	0	0	0	0	0	0	0	0
3709637	1	REJECTED	REJECTED	271897	271897	3	192	0	0	0	0	0	0	0	0	0	0	0	0	0	0
2345931	1	REJECTED	REJECTED	426533	426533	2	29	0	0	0	0	0	0	0	0	0	0	0	0	0	0
2779023	1	REJECTED	REJECTED	201876	201876	3	39	0	0	0	0	0	0	0	0	0	0	0	0	0	0
1202515	1	REJECTED	REJECTED	346402	346402	1	6	0	0	0	0	0	0	0	0	0	0	0	0	0	0
906074	1	REJECTED	REJECTED	201876	201876	1	8	0	0	0	0	0	0	0	0	0	0	0	0	0	0
3394392	1	REJECTED	REJECTED	106708	106708	2	260	0	0	0	0	0	0	0	0	0	0	0	0	0	0
1898734	1	REJECTED	REJECTED	283458	283458	3	37	0	0	0	0	0	0	0	0	0	0	0	0	0	0
2567244	1	REJECTED	REJECTED	201664	201664	2	10	0	0	0	0	0	0	0	0	0	0	0	0	0	0
3458453	1	REJECTED	REJECTED	320144	320144	1	22	0	0	0	0	0	0	0	0	0	0	0	0	0	0
2328482	1	REJECTED	REJECTED	140194	140194	1	93	0	0	0	0	0	0	0	0	0	0	0	0	0	0
785795	1	REJECTED	REJECTED	135973	135973	1	176	0	0	0	0	0	0	0	0	0	0	0	0	0	0
899232	1	REJECTED	REJECTED	268581	268581	1	93	0	0	0	0	0	0	0	0	0	0	0	0	0	0
3958767	1	SURVIVOR	SURVIVOR	0	0	1	64	6	2	4	106	510	0	6	98	0	0	0	0	0	0
3336048	1	SURVIVOR	SURVIVOR	0	0	2	186	4	4	0	34	176	0	0	30	0	0	0	0	0	0
1695566	1	REJECTED	REJECTED	311587	311587	3	151	0	0	0	0	0	0	0	0	0	0	0	0	0	0
407162	1	REJECTED	REJECTED	311371	311371	2	1	0	0	0	0	0	0	0	0	0	0	0	0	0	0
1866375	1	REJECTED	REJECTED	181285	181285	1	8	0	0	0	0	0	0	0	0	0	0	0	0	0	0
2422694	1	REJECTED	REJECTED	166218	166218	1	7	0	0	0	0	0	0	0	0	0	0	0	0	0	0
2617104	1	REJECTED	REJECTED	287522	287522	2	58	0	0	0	0	0	0	0	0	0	0	0	0	0	0
3149098	1	REJECTED	REJECTED	152228	152228	2	306	2	1	1	6	24	0	0	5	0	0	0	0	0	0
3958222	1	REJECTED	REJECTED	151764	151764	1	130	0	0	0	0	0	0	0	0	0	0	0	0	0	0
785794	1	REJECTED	REJECTED	135973	135973	1	130	0	0	0	0	0	0	0	0	0	0	0	0	0	0
273940	1	REJECTED	REJECTED	239105	239105	2	48	4	2	2	448	3460	0	316	130	0	0	0	0	0	0
1759437	1	REJECTED	REJECTED	168266	168266	2	16	0	0	0	0	0	0	0	0	0	0	0	0	0	0
884975	1	REJECTED	REJECTED	41547	41547	4	278	0	0	0	0	0	0	0	0	0	0	0	0	0	0
2619928	1	SURVIVOR	SURVIVOR	0	0	2	306	5	4	1	74	326	0	0	70	0	0	0	0	0	0
108	1	REJECTED	REJECTED	13093	13093	2	3	0	0	0	0	0	0	0	0	0	0	0	0	0	0
2151521	1	REJECTED	REJECTED	96832	96832	1	1	0	0	0	0	0	0	0	0	0	0	0	0	0	0
352427	1	REJECTED	REJECTED	172581	172581	3	306	1	1	0	1	0	0	0	0	0	0	0	0	0	0
2218572	1	REJECTED	REJECTED	78626	78626	3	291	1	1	0	1	0	0	0	0	0	0	0	0	0	0
3834168	1	REJECTED	REJECTED	296999	296999	1	37	0	0	0	0	0	0	0	0	0	0	0	0	0	0
363181	1	REJECTED	REJECTED	303764	303764	2	2	0	0	0	0	0	0	0	0	0	0	0	0	0	0
142068	1	REJECTED	REJECTED	151627	151627	3	92	0	0	0	0	0	0	0	0	0	0	0	0	0	0
2934777	1	SURVIVOR	SURVIVOR	0	0	1	42	2	2	0	35	163	0	0	33	0	0	0	0	0	0
3935737	1	REJECTED	REJECTED	297290	394777	5	242	4	1	3	8	26	0	5	2	0	0	0	0	0	0
261672	1	REJECTED	REJECTED	334090	334090	1	22	0	0	0	0	0	0	0	0	0	0	0	0	0	0
2644666	1	REJECTED	REJECTED	304165	304165	2	28	0	0	0	0	0	0	0	0	0	0	0	0	0	0
206	1	REJECTED	REJECTED	394315	394315	4	17	0	0	0	0	0	0	0	0	0	0	0	0	0	0
3470976	1	SURVIVOR	SURVIVOR	0	0	1	232	2	2	0	26	111	0	0	24	0	0	0	0	0	0
3093995	1	REJECTED	REJECTED	312345	312345	1	1	0	0	0	0	0	0	0	0	0	0	0	0	0	0
146229	1	REJECTED	REJECTED	299301	299301	1	37	0	0	0	0	0	0	0	0	0	0	0	0	0	0
3444605	1	REJECTED	REJECTED	85648	85648	1	130	0	0	0	0	0	0	0	0	0	0	0	0	0	0
301393	1	REJECTED	REJECTED	397404	397404	1	37	0	0	0	0	0	0	0	0	0	0	0	0	0	0
2527947	1	REJECTED	REJECTED	402469	402469	1	22	0	0	0	0	0	0	0	0	0	0	0	0	0	0
3954034	1	REJECTED	REJECTED	167975	167975	1	130	0	0	0	0	0	0	0	0	0	0	0	0	0	0
189976	1	REJECTED	REJECTED	83019	83019	3	269	1	1	0	1	0	0	0	0	0	0	0	0	0	0
3030256	1	REJECTED	REJECTED	233620	233620	1	6	0	0	0	0	0	0	0	0	0	0	0	0	0	0
248824	1	REJECTED	REJECTED	394315	394315	2	137	0	0	0	0	0	0	0	0	0	0	0	0	0	0
2094955	1	REJECTED	REJECTED	299338	299338	1	29	0	0	0	0	0	0	0	0	0	0	0	0	0	0
817260	1	REJECTED	REJECTED	150690	150690	1	37	0	0	0	0	0	0	0	0	0	0	0	0	0	0
667715	1	SURVIVOR	SURVIVOR	0	0	1	93	2	2	0	80	318	0	0	78	0	0	0	0	0	0
3558001	1	SURVIVOR	REJECTED	0	84007	1	176	1	0	1	1	4	0	0	1	0	0	0	0	0	0
150757	1	SURVIVOR	SURVIVOR	0	0	1	93	5	1	4	61	462	0	32	28	0	0	0	0	0	0
842369	1	SURVIVOR	SURVIVOR	0	0	1	93	2	2	0	76	283	0	0	74	0	0	0	0	0	0
3126496	1	REJECTED	REJECTED	344103	344103	1	29	0	0	0	0	0	0	0	0	0	0	0	0	0	0
1507066	1	REJECTED	REJECTED	90379	90379	1	8	0	0	0	0	0	0	0	0	0	0	0	0	0	0
1597694	1	REJECTED	REJECTED	340176	340176	1	130	0	0	0	0	0	0	0	0	0	0	0	0	0	0
3170403	1	REJECTED	REJECTED	111140	111140	1	7	0	0	0	0	0	0	0	0	0	0	0	0	0	0
3769863	1	REJECTED	REJECTED	297172	297172	1	93	0	0	0	0	0	0	0	0	0	0	0	0	0	0
1568003	1	REJECTED	REJECTED	173091	173091	1	64	0	0	0	0	0	0	0	0	0	0	0	0	0	0
3656200	1	REJECTED	REJECTED	333345	333345	1	37	0	0	0	0	0	0	0	0	0	0	0	0	0	0
3339474	1	REJECTED	REJECTED	229391	229391	3	129	0	0	0	0	0	0	0	0	0	0	0	0	0	0
2213233	1	REJECTED	REJECTED	76948	76948	2	0	0	0	0	0	0	0	0	0	0	0	0	0	0	0
3334197	1	REJECTED	REJECTED	282256	282256	2	66	0	0	0	0	0	0	0	0	0	0	0	0	0	0
3903789	1	REJECTED	REJECTED	272714	272714	1	130	0	0	0	0	0	0	0	0	0	0	0	0	0	0
3931377	1	REJECTED	REJECTED	336800	336800	3	221	4	2	2	34	148	0	0	32	0	0	0	0	0	0
1460969	1	REJECTED	REJECTED	100938	100938	1	232	0	0	0	0	0	0	0	0	0	0	0	0	0	0
3303300	1	REJECTED	REJECTED	172323	172323	2	9	0	0	0	0	0	0	0	0	0	0	0	0	0	0
224985	1	REJECTED	REJECTED	151764	151764	1	7	0	0	0	0	0	0	0	0	0	0	0	0	0	0
2573244	1	REJECTED	REJECTED	336933	336933	1	7	0	0	0	0	0	0	0	0	0	0	0	0	0	0
2957278	1	SURVIVOR	SURVIVOR	0	0	1	176	4	2	2	406	3517	0	254	150	0	0	0	0	0	0
862256	1	REJECTED	REJECTED	103588	103588	1	8	0	0	0	0	0	0	0	0	0	0	0	0	0	0
1644036	1	REJECTED	REJECTED	275108	275108	2	2	0	0	0	0	0	0	0	0	0	0	0	0	0	0
861960	1	REJECTED	REJECTED	39205	39205	1	37	0	0	0	0	0	0	0	0	0	0	0	0	0	0
2411819	1	REJECTED	REJECTED	166722	166722	1	130	0	0	0	0	0	0	0	0	0	0	0	0	0	0
2211123	1	REJECTED	REJECTED	107424	107424	2	10	0	0	0	0	0	0	0	0	0	0	0	0	0	0
2531351	1	REJECTED	REJECTED	336933	336933	2	14	0	0	0	0	0	0	0	0	0	0	0	0	0	0
2592168	1	SURVIVOR	SURVIVOR	0	0	2	84	8	4	4	220	848	0	0	216	0	0	0	0	0	0
2606504	1	REJECTED	REJECTED	29632	29632	1	232	0	0	0	0	0	0	0	0	0	0	0	0	0	0
603379	1	REJECTED	REJECTED	164645	164645	3	11	0	0	0	0	0	0	0	0	0	0	0	0	0	0
2720951	1	REJECTED	REJECTED	46016	46016	1	29	0	0	0	0	0	0	0	0	0	0	0	0	0	0
3377732	1	REJECTED	REJECTED	332106	332106	3	186	1	1	0	1	0	0	0	0	0	0	0	0	0	0
2901827	1	REJECTED	REJECTED	332948	332948	1	7	0	0	0	0	0	0	0	0	0	0	0	0	0	0
3579115	1	REJECTED	REJECTED	84298	84298	1	176	0	0	0	0	0	0	0	0	0	0	0	0	0	0
2374276	1	REJECTED	REJECTED	107557	107557	1	37	0	0	0	0	0	0	0	0	0	0	0	0	0	0
3331537	1	SURVIVOR	SURVIVOR	0	0	3	279	21	21	0	5729	49723	0	4431	1277	0	0	0	0	0	0
1605818	1	REJECTED	REJECTED	136100	136100	3	147	2	2	0	41	171	0	0	39	0	0	0	0	0	0
1267484	1	REJECTED	REJECTED	152724	152724	2	2	0	0	0	0	0	0	0	0	0	0	0	0	0	0
2935824	1	REJECTED	REJECTED	152228	152228	1	130	0	0	0	0	0	0	0	0	0	0	0	0	0	0
2443599	1	REJECTED	REJECTED	336907	336907	2	2	0	0	0	0	0	0	0	0	0	0	0	0	0	0
2373890	1	SURVIVOR	SURVIVOR	0	0	1	130	2	2	0	83	363	0	0	81	0	0	0	0	0	0
3961502	1	SURVIVOR	SURVIVOR	0	0	1	130	2	2	0	17	83	0	0	15	0	0	0	0	0	0
1796727	1	REJECTED	REJECTED	104536	104536	1	176	0	0	0	0	0	0	0	0	0	0	0	0	0	0
3913657	1	REJECTED	REJECTED	331815	331815	1	37	0	0	0	0	0	0	0	0	0	0	0	0	0	0
2743446	1	SURVIVOR	REJECTED	0	238856	1	29	1	0	1	1	4	0	0	1	0	0	0	0	0	0
892850	1	REJECTED	REJECTED	268581	268581	1	37	0	0	0	0	0	0	0	0	0	0	0	0	0	0
3141965	1	REJECTED	REJECTED	342592	342592	1	64	0	0	0	0	0	0	0	0	0	0	0	0	0	0
2594965	1	REJECTED	REJECTED	299968	299968	1	93	0	0	0	0	0	0	0	0	0	0	0	0	0	0
2922202	1	REJECTED	REJECTED	344394	344394	2	44	0	0	0	0	0	0	0	0	0	0	0	0	0	0
3094211	1	REJECTED	REJECTED	312345	312345	1	7	0	0	0	0	0	0	0	0	0	0	0	0	0	0
1651760	1	REJECTED	REJECTED	172866	172866	1	130	0	0	0	0	0	0	0	0	0	0	0	0	0	0
1888995	1	REJECTED	REJECTED	345123	345123	2	183	0	0	0	0	0	0	0	0	0	0	0	0	0	0
3251736	1	REJECTED	REJECTED	124931	124931	1	1	0	0	0	0	0	0	0	0	0	0	0	0	0	0
2646332	1	SURVIVOR	REJECTED	0	184528	1	130	1	0	1	1	5	0	0	1	0	0	0	0	0	0
970504	1	REJECTED	REJECTED	165963	165963	2	122	0	0	0	0	0	0	0	0	0	0	0	0	0	0
1037148	1	REJECTED	REJECTED	160912	160912	1	37	0	0	0	0	0	0	0	0	0	0	0	0	0	0
2948845	1	REJECTED	REJECTED	38068	38068	3	426	8	3	5	83	359	0	0	80	0	0	0	0	0	0
3709819	1	REJECTED	REJECTED	75289	75289	3	370	0	0	0	0	0	0	0	0	0	0	0	0	0	0
398872	1	REJECTED	REJECTED	164645	164645	1	37	0	0	0	0	0	0	0	0	0	0	0	0	0	0
1116035	1	REJECTED	REJECTED	168656	168656	1	37	0	0	0	0	0	0	0	0	0	0	0	0	0	0
792584	1	REJECTED	REJECTED	150690	150690	1	64	0	0	0	0	0	0	0	0	0	0	0	0	0	0
1167251	1	REJECTED	REJECTED	201424	201424	1	29	0	0	0	0	0	0	0	0	0	0	0	0	0	0
3380741	1	REJECTED	REJECTED	268618	268618	3	203	0	0	0	0	0	0	0	0	0	0	0	0	0	0
837353	1	REJECTED	REJECTED	428194	428194	2	325	1	1	0	1	0	0	0	0	0	0	0	0	0	0
2948789	1	REJECTED	REJECTED	59480	59480	1	176	0	0	0	0	0	0	0	0	0	0	0	0	0	0
1841782	1	REJECTED	REJECTED	280792	280792	1	130	0	0	0	0	0	0	0	0	0	0	0	0	0	0
3942398	1	REJECTED	REJECTED	149017	149017	1	130	0	0	0	0	0	0	0	0	0	0	0	0	0	0
833562	1	REJECTED	REJECTED	135973	135973	2	139	2	2	0	43	168	0	0	41	0	0	0	0	0	0
2750225	1	REJECTED	REJECTED	144320	144320	1	93	0	0	0	0	0	0	0	0	0	0	0	0	0	0
3830059	1	REJECTED	REJECTED	397849	397849	2	27	0	0	0	0	0	0	0	0	0	0	0	0	0	0
587504	1	REJECTED	REJECTED	82725	82725	3	391	2	2	0	28	116	0	0	26	0	0	0	0	0	0
1152953	1	REJECTED	REJECTED	75428	75428	1	29	0	0	0	0	0	0	0	0	0	0	0	0	0	0
2760238	1	REJECTED	REJECTED	182360	182360	2	122	7	4	3	6808	65709	0	5629	1175	0	0	0	0	0	0
772838	1	REJECTED	REJECTED	70437	70437	3	8	0	0	0	0	0	0	0	0	0	0	0	0	0	0
561390	1	REJECTED	REJECTED	405769	405769	1	0	0	0	0	0	0	0	0	0	0	0	0	0	0	0
3627259	1	REJECTED	REJECTED	280906	280906	4	129	0	0	0	0	0	0	0	0	0	0	0	0	0	0
3704179	1	REJECTED	REJECTED	268618	268618	1	93	0	0	0	0	0	0	0	0	0	0	0	0	0	0
479803	1	REJECTED	REJECTED	54360	54360	2	9	0	0	0	0	0	0	0	0	0	0	0	0	0	0
3128141	1	SURVIVOR	SURVIVOR	0	0	2	186	6	4	2	110	494	0	0	106	0	0	0	0	0	0
3840385	1	REJECTED	REJECTED	344601	344601	1	93	0	0	0	0	0	0	0	0	0	0	0	0	0	0
3886790	1	REJECTED	REJECTED	99865	99865	3	269	2	2	0	43	168	0	0	41	0	0	0	0	0	0
3390230	1	REJECTED	REJECTED	204839	204839	3	241	0	0	0	0	0	0	0	0	0	0	0	0	0	0
1050878	1	REJECTED	REJECTED	160912	160912	1	93	0	0	0	0	0	0	0	0	0	0	0	0	0	0
3027908	1	REJECTED	REJECTED	346123	346123	1	1	0	0	0	0	0	0	0	0	0	0	0	0	0	0
1311853	1	REJECTED	REJECTED	173204	173204	2	128	0	0	0	0	0	0	0	0	0	0	0	0	0	0
3819305	1	REJECTED	REJECTED	84180	84180	1	37	0	0	0	0	0	0	0	0	0	0	0	0	0	0
476117	1	REJECTED	REJECTED	229451	229451	2	15	0	0	0	0	0	0	0	0	0	0	0	0	0	0
722990	1	REJECTED	REJECTED	275205	275205	2	130	0	0	0	0	0	0	0	0	0	0	0	0	0	0
3707945	1	REJECTED	REJECTED	268618	268618	1	93	0	0	0	0	0	0	0	0	0	0	0	0	0	0
3819413	1	REJECTED	REJECTED	84180	84180	2	110	3	1	2	22	77	0	0	21	0	0	0	0	0	0
3423153	1	SURVIVOR	SURVIVOR	0	0	1	176	2	2	0	35	156	0	0	33	0	0	0	0	0	0
2251875	1	REJECTED	REJECTED	215051	215051	1	7	0	0	0	0	0	0	0	0	0	0	0	0	0	0
128297	1	SURVIVOR	SURVIVOR	0	0	1	93	2	2	0	98	371	0	0	96	0	0	0	0	0	0
2744629	1	SURVIVOR	SURVIVOR	0	0	1	130	2	2	0	28	126	0	0	26	0	0	0	0	0	0
2395460	1	REJECTED	REJECTED	336933	336933	2	260	2	1	1	6	24	0	0	5	0	0	0	0	0	0
1596617	1	REJECTED	REJECTED	205091	205091	5	21	0	0	0	0	0	0	0	0	0	0	0	0	0	0
220559	1	REJECTED	REJECTED	74827	74827	5	400	1	1	0	1	0	0	0	0	0	0	0	0	0	0
2594493	1	SURVIVOR	SURVIVOR	0	0	1	130	2	2	0	17	78	0	0	15	0	0	0	0	0	0
912798	1	SURVIVOR	SURVIVOR	0	0	1	93	2	2	0	35	155	0	0	33	0	0	0	0	0	0
1950388	1	REJECTED	REJECTED	172197	172197	2	2	0	0	0	0	0	0	0	0	0	0	0	0	0	0
3834364	1	REJECTED	REJECTED	280788	280788	1	176	0	0	0	0	0	0	0	0	0	0	0	0	0	0
1279804	1	REJECTED	REJECTED	283796	283796	1	130	0	0	0	0	0	0	0	0	0	0	0	0	0	0
2050149	1	REJECTED	REJECTED	401573	401573	2	17	0	0	0	0	0	0	0	0	0	0	0	0	0	0
3452869	1	REJECTED	REJECTED	42023	42023	2	306	0	0	0	0	0	0	0	0	0	0	0	0	0	0
3099561	1	REJECTED	REJECTED	345113	345113	1	1	0	0	0	0	0	0	0	0	0	0	0	0	0	0
388922	1	SURVIVOR	SURVIVOR	0	0	1	93	4	4	0	5292	52096	0	4400	888	0	0	0	0	0	0
1869044	1	REJECTED	REJECTED	345113	345113	2	152	0	0	0	0	0	0	0	0	0	0	0	0	0	0
3452028	1	SURVIVOR	SURVIVOR	0	0	1	130	2	2	0	17	70	0	0	15	0	0	0	0	0	0
782963	1	REJECTED	REJECTED	37669	37669	2	55	0	0	0	0	0	0	0	0	0	0	0	0	0	0
188803	1	REJECTED	REJECTED	83019	83019	3	352	0	0	0	0	0	0	0	0	0	0	0	0	0	0
349003	1	REJECTED	REJECTED	271141	271141	2	73	0	0	0	0	0	0	0	0	0	0	0	0	0	0
3763801	1	REJECTED	REJECTED	198868	198868	2	16	0	0	0	0	0	0	0	0	0	0	0	0	0	0
3101097	1	REJECTED	REJECTED	410913	410913	1	29	0	0	0	0	0	0	0	0	0	0	0	0	0	0
3649646	1	SURVIVOR	SURVIVOR	0	0	2	269	8	4	4	432	3352	0	254	174	0	0	0	0	0	0
2193803	1	SURVIVOR	SURVIVOR	0	0	1	130	2	2	0	54	215	0	0	52	0	0	0	0	0	0
2519040	1	REJECTED	REJECTED	272714	272714	1	1	0	0	0	0	0	0	0	0	0	0	0	0	0	0
3582223	1	REJECTED	REJECTED	280906	280906	2	194	1	1	0	1	0	0	0	0	0	0	0	0	0	0
2432078	1	REJECTED	REJECTED	297794	297794	1	29	0	0	0	0	0	0	0	0	0	0	0	0	0	0
819279	1	REJECTED	REJECTED	172107	172107	2	159	0	0	0	0	0	0	0	0	0	0	0	0	0	0
3627650	1	REJECTED	REJECTED	51530	51530	3	185	0	0	0	0	0	0	0	0	0	0	0	0	0	0
348117	1	REJECTED	REJECTED	271141	271141	3	348	3	3	0	199	820	0	0	196	0	0	0	0	0	0
3377611	1	REJECTED	REJECTED	201034	201034	5	330	0	0	0	0	0	0	0	0	0	0	0	0	0	0
1757396	1	REJECTED	REJECTED	157844	157844	1	8	0	0	0	0	0	0	0	0	0	0	0	0	0	0
401085	1	REJECTED	REJECTED	295717	295717	2	0	0	0	0	0	0	0	0	0	0	0	0	0	0	0
2871360	1	REJECTED	REJECTED	180515	180515	1	1	0	0	0	0	0	0	0	0	0	0	0	0	0	0
820547	1	REJECTED	REJECTED	267045	267045	1	130	0	0	0	0	0	0	0	0	0	0	0	0	0	0
3024363	1	REJECTED	REJECTED	362507	362507	1	7	0	0	0	0	0	0	0	0	0	0	0	0	0	0
2224134	1	REJECTED	REJECTED	272714	272714	2	159	0	0	0	0	0	0	0	0	0	0	0	0	0	0
3704531	1	REJECTED	REJECTED	268618	268618	2	54	0	0	0	0	0	0	0	0	0	0	0	0	0	0
3945411	1	REJECTED	REJECTED	140825	331815	6	232	7	2	5	67	298	0	0	65	0	0	0	0	0	0
1931582	1	REJECTED	REJECTED	145496	145496	1	37	0	0	0	0	0	0	0	0	0	0	0	0	0	0
2688991	1	REJECTED	REJECTED	152724	152724	2	2	0	0	0	0	0	0	0	0	0	0	0	0	0	0
2255364	1	REJECTED	REJECTED	201506	201506	3	390	0	0	0	0	0	0	0	0	0	0	0	0	0	0
3860293	1	REJECTED	REJECTED	149543	149543	1	130	0	0	0	0	0	0	0	0	0	0	0	0	0	0
3455779	1	REJECTED	REJECTED	271399	271399	2	74	0	0	0	0	0	0	0	0	0	0	0	0	0	0
2714355	1	SURVIVOR	SURVIVOR	0	0	1	93	7	2	5	139	999	0	62	75	0	0	0	0	0	0
815024	1	REJECTED	REJECTED	267045	267045	1	37	0	0	0	0	0	0	0	0	0	0	0	0	0	0
189400	1	SURVIVOR	SURVIVOR	0	0	1	93	2	2	0	91	378	0	0	89	0	0	0	0	0	0
1796724	1	REJECTED	REJECTED	104536	104536	1	37	0	0	0	0	0	0	0	0	0	0	0	0	0	0
572379	1	SURVIVOR	SURVIVOR	0	0	1	130	2	2	0	54	222	0	0	52	0	0	0	0	0	0
90286	1	REJECTED	REJECTED	340260	340260	1	22	0	0	0	0	0	0	0	0	0	0	0	0	0	0
2731172	1	REJECTED	REJECTED	369928	369928	1	7	0	0	0	0	0	0	0	0	0	0	0	0	0	0
2177841	1	REJECTED	REJECTED	58272	58272	1	130	0	0	0	0	0	0	0	0	0	0	0	0	0	0
3328143	1	SURVIVOR	SURVIVOR	0	0	3	151	13	6	7	430	3200	0	189	235	0	0	0	0	0	0
2681964	1	SURVIVOR	SURVIVOR	0	0	1	93	5	1	4	23	157	0	7	15	0	0	0	0	0	0
1770332	1	REJECTED	REJECTED	181259	181259	4	1	0	0	0	0	0	0	0	0	0	0	0	0	0	0
3950926	1	SURVIVOR	SURVIVOR	0	0	3	362	14	6	8	841	5501	0	452	383	0	0	0	0	0	0
3839883	1	REJECTED	REJECTED	149543	149543	1	64	0	0	0	0	0	0	0	0	0	0	0	0	0	0
1705538	1	REJECTED	REJECTED	287396	287396	1	7	0	0	0	0	0	0	0	0	0	0	0	0	0	0
397295	1	SURVIVOR	SURVIVOR	0	0	1	130	2	2	0	43	192	0	0	41	0	0	0	0	0	0
3792129	1	REJECTED	REJECTED	201241	201241	3	223	2	2	0	43	186	0	0	41	0	0	0	0	0	0
2536877	1	REJECTED	REJECTED	173093	173093	1	22	0	0	0	0	0	0	0	0	0	0	0	0	0	0
3960580	1	REJECTED	REJECTED	151764	151764	1	130	0	0	0	0	0	0	0	0	0	0	0	0	0	0
364900	1	REJECTED	REJECTED	334090	334090	4	116	0	0	0	0	0	0	0	0	0	0	0	0	0	0
369959	1	SURVIVOR	SURVIVOR	0	0	1	64	7	2	5	452	3784	0	262	188	0	0	0	0	0	0
3793317	1	REJECTED	REJECTED	201241	201241	3	216	5	4	1	102	451	0	0	98	0	0	0	0	0	0
636253	1	REJECTED	REJECTED	208016	208016	1	130	0	0	0	0	0	0	0	0	0	0	0	0	0	0
2267892	1	REJECTED	REJECTED	411659	411659	1	6	0	0	0	0	0	0	0	0	0	0	0	0	0	0
1378203	1	REJECTED	REJECTED	431392	431392	1	29	0	0	0	0	0	0	0	0	0	0	0	0	0	0
2873261	1	SURVIVOR	SURVIVOR	0	0	2	84	12	2	10	55	289	0	5	48	0	0	0	0	0	0
2742051	1	REJECTED	REJECTED	213031	213031	2	137	0	0	0	0	0	0	0	0	0	0	0	0	0	0
701204	1	REJECTED	REJECTED	345176	345176	2	58	0	0	0	0	0	0	0	0	0	0	0	0	0	0
3368309	1	REJECTED	REJECTED	297290	297290	5	96	1	1	0	1	0	0	0	0	0	0	0	0	0	0
181646	1	REJECTED	REJECTED	107156	107156	1	29	0	0	0	0	0	0	0	0	0	0	0	0	0	0
632013	1	SURVIVOR	SURVIVOR	0	0	1	93	2	2	0	80	316	0	0	78	0	0	0	0	0	0
1149707	1	REJECTED	REJECTED	299608	299608	1	8	0	0	0	0	0	0	0	0	0	0	0	0	0	0
591249	1	REJECTED	REJECTED	41765	41765	2	2	0	0	0	0	0	0	0	0	0	0	0	0	0	0
3781785	1	REJECTED	REJECTED	91300	91300	2	86	0	0	0	0	0	0	0	0	0	0	0	0	0	0
525275	1	REJECTED	REJECTED	87128	87128	1	37	0	0	0	0	0	0	0	0	0	0	0	0	0	0
2400723	1	REJECTED	REJECTED	297493	297493	1	7	0	0	0	0	0	0	0	0	0	0	0	0	0	0
3338120	1	REJECTED	REJECTED	282256	282256	1	37	0	0	0	0	0	0	0	0	0	0	0	0	0	0
3088288	1	SURVIVOR	SURVIVOR	0	0	1	176	2	2	0	17	73	0	0	15	0	0	0	0	0	0
1668202	1	REJECTED	REJECTED	30808	30808	1	8	0	0	0	0	0	0	0	0	0	0	0	0	0	0
278338	1	REJECTED	REJECTED	299220	299220	1	7	0	0	0	0	0	0	0	0	0	0	0	0	0	0
3174932	1	REJECTED	REJECTED	107298	107298	1	37	0	0	0	0	0	0	0	0	0	0	0	0	0	0
1118178	1	REJECTED	REJECTED	299728	299728	1	7	0	0	0	0	0	0	0	0	0	0	0	0	0	0
1661903	1	SURVIVOR	SURVIVOR	0	0	1	130	2	2	0	43	184	0	0	41	0	0	0	0	0	0
20906	1	REJECTED	REJECTED	213204	213204	2	16	0	0	0	0	0	0	0	0	0	0	0	0	0	0
3807611	1	REJECTED	REJECTED	198695	198695	1	7	0	0	0	0	0	0	0	0	0	0	0	0	0	0
2682549	1	SURVIVOR	SURVIVOR	0	0	1	93	5	1	4	61	436	0	18	42	0	0	0	0	0	0
3214956	1	REJECTED	REJECTED	47682	47682	1	176	0	0	0	0	0	0	0	0	0	0	0	0	0	0
817524	1	REJECTED	REJECTED	150690	150690	2	186	0	0	0	0	0	0	0	0	0	0	0	0	0	0
288291	1	REJECTED	REJECTED	148555	148555	1	130	0	0	0	0	0	0	0	0	0	0	0	0	0	0
2330039	1	REJECTED	REJECTED	300180	300180	1	8	0	0	0	0	0	0	0	0	0	0	0	0	0	0
982683	1	REJECTED	REJECTED	198947	198947	1	8	0	0	0	0	0	0	0	0	0	0	0	0	0	0
1571972	1	REJECTED	REJECTED	304153	304153	2	186	0	0	0	0	0	0	0	0	0	0	0	0	0	0
251371	1	REJECTED	REJECTED	271141	271141	1	7	0	0	0	0	0	0	0	0	0	0	0	0	0	0
2228810	1	REJECTED	REJECTED	336921	336921	1	29	0	0	0	0	0	0	0	0	0	0	0	0	0	0
2215178	1	SURVIVOR	REJECTED	0	475209	1	64	1	0	1	5	20	0	0	5	0	0	0	0	0	0
3142195	1	REJECTED	REJECTED	311335	311335	2	44	0	0	0	0	0	0	0	0	0	0	0	0	0	0
2899538	1	REJECTED	REJECTED	206859	206859	4	345	4	2	2	45	202	0	0	43	0	0	0	0	0	0
3830718	1	SURVIVOR	SURVIVOR	0	0	1	64	5	2	3	109	536	0	8	99	0	0	0	0	0	0
1118213	1	REJECTED	REJECTED	299728	299728	1	29	0	0	0	0	0	0	0	0	0	0	0	0	0	0
3680926	1	REJECTED	REJECTED	297290	297290	2	3	0	0	0	0	0	0	0	0	0	0	0	0	0	0
1935264	1	REJECTED	REJECTED	284194	284194	2	362	0	0	0	0	0	0	0	0	0	0	0	0	0	0
2979271	1	REJECTED	REJECTED	305240	305240	3	17	0	0	0	0	0	0	0	0	0	0	0	0	0	0
3917524	1	SURVIVOR	SURVIVOR	0	0	2	260	5	2	3	50	188	0	0	48	0	0	0	0	0	0
2661906	1	REJECTED	REJECTED	215128	215128	1	29	0	0	0	0	0	0	0	0	0	0	0	0	0	0
3835198	1	REJECTED	REJECTED	176450	176450	2	138	2	2	0	69	259	0	0	67	0	0	0	0	0	0
3738314	1	REJECTED	REJECTED	173220	173220	2	58	0	0	0	0	0	0	0	0	0	0	0	0	0	0
3128242	1	REJECTED	REJECTED	53924	53924	2	37	0	0	0	0	0	0	0	0	0	0	0	0	0	0
3961747	1	REJECTED	REJECTED	53460	53460	1	29	0	0	0	0	0	0	0	0	0	0	0	0	0	0
824350	1	REJECTED	REJECTED	21285	21285	3	196	0	0	0	0	0	0	0	0	0	0	0	0	0	0
3832776	1	REJECTED	REJECTED	100391	100391	2	260	0	0	0	0	0	0	0	0	0	0	0	0	0	0
370952	1	SURVIVOR	SURVIVOR	0	0	2	306	5	4	1	63	259	0	0	59	0	0	0	0	0	0
226732	1	REJECTED	REJECTED	331868	331868	3	24	0	0	0	0	0	0	0	0	0	0	0	0	0	0
2477214	1	REJECTED	REJECTED	225568	225568	1	37	0	0	0	0	0	0	0	0	0	0	0	0	0	0
2405187	1	REJECTED	REJECTED	166421	166421	1	130	0	0	0	0	0	0	0	0	0	0	0	0	0	0
61094	1	REJECTED	REJECTED	397988	397988	1	130	0	0	0	0	0	0	0	0	0	0	0	0	0	0
1049569	1	REJECTED	REJECTED	95376	95376	1	130	0	0	0	0	0	0	0	0	0	0	0	0	0	0
1611620	1	REJECTED	REJECTED	146452	146452	1	29	0	0	0	0	0	0	0	0	0	0	0	0	0	0
1266986	1	REJECTED	REJECTED	87188	87188	1	37	0	0	0	0	0	0	0	0	0	0	0	0	0	0
187712	1	REJECTED	REJECTED	151764	151764	1	176	0	0	0	0	0	0	0	0	0	0	0	0	0	0
1027845	1	REJECTED	REJECTED	266827	266827	2	86	0	0	0	0	0	0	0	0	0	0	0	0	0	0
2379433	1	REJECTED	REJECTED	304165	304165	1	29	0	0	0	0	0	0	0	0	0	0	0	0	0	0
1462119	1	SURVIVOR	SURVIVOR	0	0	1	130	6	2	4	168	1126	0	58	108	0	0	0	0	0	0
3942424	1	REJECTED	REJECTED	149017	149017	3	282	2	1	1	17	76	0	0	16	0	0	0	0	0	0
3927127	1	REJECTED	REJECTED	151591	151591	1	22	0	0	0	0	0	0	0	0	0	0	0	0	0	0
3662312	1	REJECTED	REJECTED	149834	149834	2	254	0	0	0	0	0	0	0	0	0	0	0	0	0	0
343017	1	SURVIVOR	SURVIVOR	0	0	1	64	2	2	0	99	407	0	0	97	0	0	0	0	0	0
3733344	1	SURVIVOR	SURVIVOR	0	0	1	130	4	2	2	128	839	0	53	73	0	0	0	0	0	0
1176784	1	REJECTED	REJECTED	297253	297253	1	7	0	0	0	0	0	0	0	0	0	0	0	0	0	0
2348104	1	REJECTED	REJECTED	169108	169108	2	2	0	0	0	0	0	0	0	0	0	0	0	0	0	0
1468149	1	SURVIVOR	SURVIVOR	0	0	1	93	2	2	0	76	330	0	0	74	0	0	0	0	0	0
207359	1	REJECTED	REJECTED	282836	282836	2	122	0	0	0	0	0	0	0	0	0	0	0	0	0	0
1264408	1	REJECTED	REJECTED	87188	87188	1	93	0	0	0	0	0	0	0	0	0	0	0	0	0	0
2545347	1	SURVIVOR	SURVIVOR	0	0	1	64	3	2	1	48	238	0	0	46	0	0	0	0	0	0
917628	1	REJECTED	REJECTED	268581	268581	1	130	0	0	0	0	0	0	0	0	0	0	0	0	0	0
794772	1	REJECTED	REJECTED	281762	281762	1	22	0	0	0	0	0	0	0	0	0	0	0	0	0	0
1758601	1	REJECTED	REJECTED	345125	345125	1	7	0	0	0	0	0	0	0	0	0	0	0	0	0	0
2075846	1	REJECTED	REJECTED	336289	336289	1	7	0	0	0	0	0	0	0	0	0	0	0	0	0	0
332406	1	SURVIVOR	SURVIVOR	0	0	1	130	3	2	1	33	144	0	0	31	0	0	0	0	0	0
2063487	1	REJECTED	REJECTED	397642	397642	1	37	0	0	0	0	0	0	0	0	0	0	0	0	0	0
1780288	1	REJECTED	REJECTED	275266	275266	1	176	0	0	0	0	0	0	0	0	0	0	0	0	0	0
829953	1	REJECTED	REJECTED	135973	135973	1	8	0	0	0	0	0	0	0	0	0	0	0	0	0	0
2925901	1	REJECTED	REJECTED	174091	174091	3	64	0	0	0	0	0	0	0	0	0	0	0	0	0	0
976711	1	REJECTED	REJECTED	320772	320772	2	75	0	0	0	0	0	0	0	0	0	0	0	0	0	0
3143292	1	REJECTED	REJECTED	180263	180263	2	30	0	0	0	0	0	0	0	0	0	0	0	0	0	0
3952705	1	SURVIVOR	SURVIVOR	0	0	1	93	6	1	5	227	1820	0	110	116	0	0	0	0	0	0
1365592	1	REJECTED	REJECTED	307221	307221	1	7	0	0	0	0	0	0	0	0	0	0	0	0	0	0
3649340	1	REJECTED	REJECTED	107033	107033	2	306	1	0	1	1	4	0	0	1	0	0	0	0	0	0
2238182	1	REJECTED	REJECTED	411736	411736	2	186	0	0	0	0	0	0	0	0	0	0	0	0	0	0
3704894	1	REJECTED	REJECTED	72010	72010	1	232	0	0	0	0	0	0	0	0	0	0	0	0	0	0
3688392	1	REJECTED	REJECTED	299545	299545	1	93	0	0	0	0	0	0	0	0	0	0	0	0	0	0
3142668	1	REJECTED	REJECTED	152228	152228	1	29	0	0	0	0	0	0	0	0	0	0	0	0	0	0
1324351	1	REJECTED	REJECTED	84554	84554	1	29	0	0	0	0	0	0	0	0	0	0	0	0	0	0
981494	1	REJECTED	REJECTED	403748	403748	2	2	0	0	0	0	0	0	0	0	0	0	0	0	0	0
2982266	1	REJECTED	REJECTED	152228	152228	2	16	0	0	0	0	0	0	0	0	0	0	0	0	0	0
156535	1	REJECTED	REJECTED	87114	87114	1	29	0	0	0	0	0	0	0	0	0	0	0	0	0	0
825335	1	REJECTED	REJECTED	169048	169048	1	176	0	0	0	0	0	0	0	0	0	0	0	0	0	0
3942938	1	REJECTED	REJECTED	151764	280089	2	260	2	0	2	2	9	0	0	2	0	0	0	0	0	0
3904630	1	REJECTED	REJECTED	272714	272714	1	29	0	0	0	0	0	0	0	0	0	0	0	0	0	0
3968216	1	SURVIVOR	SURVIVOR	0	0	1	130	3	1	2	11	50	0	0	10	0	0	0	0	0	0
3717479	1	REJECTED	REJECTED	72010	72010	1	130	0	0	0	0	0	0	0	0	0	0	0	0	0	0
2105002	1	REJECTED	REJECTED	168266	168266	1	37	0	0	0	0	0	0	0	0	0	0	0	0	0	0
3303251	1	REJECTED	REJECTED	107298	107298	3	147	0	0	0	0	0	0	0	0	0	0	0	0	0	0
1272339	1	REJECTED	REJECTED	87188	87188	1	46	0	0	0	0	0	0	0	0	0	0	0	0	0	0
830379	1	REJECTED	REJECTED	37669	37669	3	305	2	2	0	17	55	0	0	15	0	0	0	0	0	0
425245	1	REJECTED	REJECTED	335947	335947	3	206	2	2	0	35	168	0	0	33	0	0	0	0	0	0
3377617	1	REJECTED	REJECTED	201034	201034	3	298	2	2	0	28	126	0	0	26	0	0	0	0	0	0
2405390	1	REJECTED	REJECTED	297493	297493	1	130	0	0	0	0	0	0	0	0	0	0	0	0	0	0
1431273	1	REJECTED	REJECTED	182496	182496	1	176	0	0	0	0	0	0	0	0	0	0	0	0	0	0
2641803	1	SURVIVOR	SURVIVOR	0	0	1	130	4	4	0	1979	19169	0	1418	557	0	0	0	0	0	0
3958441	1	REJECTED	REJECTED	331815	331815	2	159	0	0	0	0	0	0	0	0	0	0	0	0	0	0
2795662	1	REJECTED	REJECTED	152724	152724	1	176	0	0	0	0	0	0	0	0	0	0	0	0	0	0
384419	1	REJECTED	REJECTED	156880	156880	1	1	0	0	0	0	0	0	0	0	0	0	0	0	0	0
427049	1	REJECTED	REJECTED	394021	394021	4	118	0	0	0	0	0	0	0	0	0	0	0	0	0	0
3330537	1	SURVIVOR	SURVIVOR	0	0	2	128	20	4	16	2496	23192	0	1972	520	0	0	0	0	0	0
3054928	1	REJECTED	REJECTED	213031	213031	1	8	0	0	0	0	0	0	0	0	0	0	0	0	0	0
1509637	1	REJECTED	REJECTED	332704	332704	1	37	0	0	0	0	0	0	0	0	0	0	0	0	0	0
1633693	1	SURVIVOR	SURVIVOR	0	0	1	130	2	2	0	41	164	0	0	39	0	0	0	0	0	0
1468026	1	SURVIVOR	SURVIVOR	0	0	1	130	2	2	0	35	150	0	0	33	0	0	0	0	0	0
2646137	1	SURVIVOR	SURVIVOR	0	0	3	316	15	8	7	3322	29895	0	2431	883	0	0	0	0	0	0
474496	1	REJECTED	REJECTED	442456	442456	1	22	0	0	0	0	0	0	0	0	0	0	0	0	0	0
3774203	1	REJECTED	REJECTED	181920	181920	1	93	0	0	0	0	0	0	0	0	0	0	0	0	0	0
1149721	1	REJECTED	REJECTED	295513	295513	2	1	0	0	0	0	0	0	0	0	0	0	0	0	0	0
2974329	1	REJECTED	REJECTED	345504	345504	2	131	4	2	2	1220	10467	0	812	406	0	0	0	0	0	0
3959628	1	SURVIVOR	SURVIVOR	0	0	2	352	12	4	8	766	6722	0	394	368	0	0	0	0	0	0
823050	1	REJECTED	REJECTED	335947	335947	2	137	0	0	0	0	0	0	0	0	0	0	0	0	0	0
1732177	1	REJECTED	REJECTED	311563	311563	6	14	0	0	0	0	0	0	0	0	0	0	0	0	0	0
3803965	1	REJECTED	REJECTED	340290	340290	1	93	0	0	0	0	0	0	0	0	0	0	0	0	0	0
1593039	1	REJECTED	REJECTED	302100	302100	1	37	0	0	0	0	0	0	0	0	0	0	0	0	0	0
3950770	1	SURVIVOR	SURVIVOR	0	0	2	223	6	4	2	70	331	0	0	66	0	0	0	0	0	0
58186	1	SURVIVOR	SURVIVOR	0	0	1	176	2	2	0	17	78	0	0	15	0	0	0	0	0	0
2682667	1	REJECTED	REJECTED	344740	344740	2	36	0	0	0	0	0	0	0	0	0	0	0	0	0	0
